{"acc": 0.9051541191713649, "loss": 0.1369190409930032, "_timestamp": 1709455574.679758, "_runtime": 0.9208910465240479, "_step": 7, "_wandb": {"runtime": 0}}